file_name,action
replay_132.json,sit
replay_132.json,sit
replay_132.json,sit
replay_132.json,sit
replay_132.json,sit
replay_132.json,sit
replay_132.json,sit
replay_132.json,sit
replay_132.json,sit
replay_132.json,sit
replay_132.json,sit
replay_132.json,sit
replay_133.json,sit
replay_133.json,sit
replay_133.json,sit
replay_133.json,sit
replay_133.json,sit
replay_133.json,sit
replay_133.json,sit
replay_133.json,sit
replay_133.json,sit
replay_133.json,sit
replay_133.json,sit
replay_134.json,sit
replay_134.json,sit
replay_134.json,sit
replay_134.json,sit
replay_134.json,sit
replay_134.json,sit
replay_134.json,sit
replay_134.json,sit
replay_134.json,sit
replay_135.json,sit
replay_135.json,sit
replay_135.json,sit
replay_135.json,sit
replay_135.json,sit
replay_135.json,sit
replay_135.json,sit
replay_135.json,sit
replay_135.json,sit
replay_135.json,sit
replay_135.json,sit
replay_136.json,sit
replay_136.json,sit
replay_136.json,sit
replay_136.json,sit
replay_136.json,sit
replay_136.json,sit
replay_136.json,sit
replay_136.json,sit
replay_136.json,sit
replay_136.json,sit
replay_136.json,sit
replay_136.json,sit
replay_136.json,sit
replay_136.json,sit
replay_137.json,sit
replay_137.json,sit
replay_137.json,sit
replay_137.json,sit
replay_137.json,sit
replay_137.json,sit
replay_137.json,sit
replay_137.json,sit
replay_137.json,sit
replay_137.json,sit
replay_138.json,sit
replay_138.json,sit
replay_138.json,sit
replay_138.json,sit
replay_138.json,sit
replay_138.json,sit
replay_138.json,sit
replay_138.json,sit
replay_138.json,sit
replay_139.json,sit
replay_139.json,sit
replay_139.json,sit
replay_139.json,sit
replay_139.json,sit
replay_139.json,sit
replay_139.json,sit
replay_139.json,sit
replay_139.json,sit
replay_139.json,sit
replay_139.json,sit
replay_139.json,sit
replay_140.json,sit
replay_140.json,sit
replay_140.json,sit
replay_140.json,sit
replay_140.json,sit
replay_140.json,sit
replay_140.json,sit
replay_140.json,sit
replay_140.json,sit
replay_141.json,sit
replay_141.json,sit
replay_141.json,sit
replay_141.json,sit
replay_141.json,sit
replay_141.json,sit
replay_141.json,sit
replay_141.json,sit
replay_141.json,sit
replay_141.json,sit
replay_141.json,sit
replay_141.json,sit
replay_141.json,sit
replay_141.json,sit
replay_141.json,sit
replay_141.json,sit
replay_141.json,sit
replay_142.json,sit
replay_142.json,sit
replay_142.json,sit
replay_142.json,sit
replay_142.json,sit
replay_142.json,sit
replay_142.json,sit
replay_142.json,sit
replay_142.json,sit
replay_142.json,sit
replay_142.json,sit
replay_143.json,sit
replay_143.json,sit
replay_143.json,sit
replay_143.json,sit
replay_143.json,sit
replay_143.json,sit
replay_143.json,sit
replay_143.json,sit
replay_143.json,sit
replay_143.json,sit
replay_143.json,sit
replay_143.json,sit
replay_144.json,sit
replay_144.json,sit
replay_144.json,sit
replay_144.json,sit
replay_144.json,sit
replay_144.json,sit
replay_144.json,sit
replay_144.json,sit
replay_144.json,sit
replay_144.json,sit
replay_145.json,sit
replay_145.json,sit
replay_145.json,sit
replay_145.json,sit
replay_145.json,sit
replay_145.json,sit
replay_145.json,sit
replay_145.json,sit
replay_145.json,sit
replay_145.json,sit
replay_146.json,sit
replay_146.json,sit
replay_146.json,sit
replay_146.json,sit
replay_146.json,sit
replay_146.json,sit
replay_146.json,sit
replay_146.json,sit
replay_146.json,sit
replay_146.json,sit
replay_146.json,sit
replay_146.json,sit
replay_147.json,sit
replay_147.json,sit
replay_147.json,sit
replay_147.json,sit
replay_147.json,sit
replay_147.json,sit
replay_147.json,sit
replay_147.json,sit
replay_147.json,sit
replay_147.json,sit
replay_147.json,sit
replay_147.json,sit
replay_147.json,sit
replay_147.json,sit
replay_147.json,sit
replay_148.json,sit
replay_148.json,sit
replay_148.json,sit
replay_148.json,sit
replay_148.json,sit
replay_148.json,sit
replay_148.json,sit
replay_148.json,sit
replay_148.json,sit
replay_149.json,sit
replay_149.json,sit
replay_149.json,sit
replay_149.json,sit
replay_149.json,sit
replay_149.json,sit
replay_149.json,sit
replay_149.json,sit
replay_149.json,sit
replay_156.json,sit
replay_160.json,sit
replay_160.json,sit
replay_166.json,sit
replay_167.json,sit
replay_168.json,sit
replay_171.json,sit
replay_172.json,sit
replay_173.json,sit
replay_180.json,sit
replay_183.json,sit
replay_184.json,sit
replay_185.json,sit
replay_190.json,sit
replay_193.json,sit
replay_194.json,sit
replay_195.json,sit
replay_195.json,sit
replay_196.json,sit
replay_196.json,sit
replay_201.json,sit
replay_201.json,sit
replay_74.json,sit
replay_74.json,sit
replay_77.json,sit
replay_77.json,sit
replay_78.json,sit
replay_80.json,sit
replay_81.json,sit
replay_81.json,sit
replay_209.json,squat
replay_225.json,squat
replay_226.json,squat
replay_230.json,squat
replay_231.json,squat
replay_241.json,squat
replay_241.json,squat
replay_245.json,squat
replay_248.json,squat
replay_248.json,squat
replay_256.json,squat
replay_258.json,squat
replay_260.json,squat
replay_260.json,squat
replay_261.json,squat
replay_261.json,squat
replay_262.json,squat
replay_262.json,squat
replay_263.json,squat
replay_263.json,squat
replay_264.json,squat
replay_264.json,squat
replay_264.json,squat
replay_264.json,squat
replay_264.json,squat
replay_264.json,squat
replay_264.json,squat
replay_264.json,squat
replay_264.json,squat
replay_264.json,squat
replay_264.json,squat
replay_264.json,squat
replay_264.json,squat
replay_264.json,squat
replay_264.json,squat
replay_264.json,squat
replay_264.json,squat
replay_264.json,squat
replay_264.json,squat
replay_265.json,squat
replay_265.json,squat
replay_265.json,squat
replay_265.json,squat
replay_265.json,squat
replay_265.json,squat
replay_265.json,squat
replay_265.json,squat
replay_265.json,squat
replay_265.json,squat
replay_265.json,squat
replay_265.json,squat
replay_265.json,squat
replay_265.json,squat
replay_265.json,squat
replay_266.json,squat
replay_266.json,squat
replay_266.json,squat
replay_266.json,squat
replay_266.json,squat
replay_266.json,squat
replay_266.json,squat
replay_266.json,squat
replay_266.json,squat
replay_266.json,squat
replay_267.json,squat
replay_267.json,squat
replay_267.json,squat
replay_267.json,squat
replay_267.json,squat
replay_267.json,squat
replay_267.json,squat
replay_267.json,squat
replay_267.json,squat
replay_267.json,squat
replay_267.json,squat
replay_267.json,squat
replay_267.json,squat
replay_267.json,squat
replay_267.json,squat
replay_268.json,squat
replay_268.json,squat
replay_268.json,squat
replay_268.json,squat
replay_268.json,squat
replay_268.json,squat
replay_268.json,squat
replay_268.json,squat
replay_268.json,squat
replay_268.json,squat
replay_268.json,squat
replay_268.json,squat
replay_268.json,squat
replay_268.json,squat
replay_268.json,squat
replay_269.json,squat
replay_269.json,squat
replay_269.json,squat
replay_269.json,squat
replay_269.json,squat
replay_269.json,squat
replay_269.json,squat
replay_269.json,squat
replay_270.json,squat
replay_270.json,squat
replay_270.json,squat
replay_270.json,squat
replay_270.json,squat
replay_271.json,squat
replay_271.json,squat
replay_272.json,squat
replay_272.json,squat
replay_272.json,squat
replay_272.json,squat
replay_272.json,squat
replay_272.json,squat
replay_272.json,squat
replay_272.json,squat
replay_272.json,squat
replay_272.json,squat
replay_272.json,squat
replay_272.json,squat
replay_293.json,squat
replay_307.json,squat
replay_309.json,squat
replay_309.json,squat
replay_310.json,squat
replay_310.json,squat
replay_311.json,squat
replay_311.json,squat
replay_312.json,squat
replay_313.json,squat
replay_333.json,squat
replay_10.json,stand
replay_10.json,stand
replay_10.json,stand
replay_10.json,stand
replay_10.json,stand
replay_10.json,stand
replay_10.json,stand
replay_10.json,stand
replay_10.json,stand
replay_10.json,stand
replay_10.json,stand
replay_10.json,stand
replay_10.json,stand
replay_10.json,stand
replay_10.json,stand
replay_10.json,stand
replay_10.json,stand
replay_10.json,stand
replay_10.json,stand
replay_11.json,stand
replay_11.json,stand
replay_11.json,stand
replay_11.json,stand
replay_11.json,stand
replay_11.json,stand
replay_11.json,stand
replay_11.json,stand
replay_11.json,stand
replay_11.json,stand
replay_11.json,stand
replay_11.json,stand
replay_11.json,stand
replay_11.json,stand
replay_11.json,stand
replay_11.json,stand
replay_11.json,stand
replay_11.json,stand
replay_11.json,stand
replay_12.json,stand
replay_12.json,stand
replay_12.json,stand
replay_12.json,stand
replay_12.json,stand
replay_12.json,stand
replay_12.json,stand
replay_12.json,stand
replay_12.json,stand
replay_12.json,stand
replay_12.json,stand
replay_12.json,stand
replay_12.json,stand
replay_12.json,stand
replay_12.json,stand
replay_12.json,stand
replay_12.json,stand
replay_12.json,stand
replay_13.json,stand
replay_13.json,stand
replay_13.json,stand
replay_13.json,stand
replay_13.json,stand
replay_13.json,stand
replay_13.json,stand
replay_13.json,stand
replay_13.json,stand
replay_13.json,stand
replay_13.json,stand
replay_13.json,stand
replay_13.json,stand
replay_13.json,stand
replay_13.json,stand
replay_13.json,stand
replay_13.json,stand
replay_13.json,stand
replay_13.json,stand
replay_14.json,stand
replay_14.json,stand
replay_14.json,stand
replay_14.json,stand
replay_14.json,stand
replay_14.json,stand
replay_14.json,stand
replay_14.json,stand
replay_14.json,stand
replay_14.json,stand
replay_14.json,stand
replay_14.json,stand
replay_14.json,stand
replay_14.json,stand
replay_14.json,stand
replay_14.json,stand
replay_14.json,stand
replay_15.json,stand
replay_15.json,stand
replay_15.json,stand
replay_15.json,stand
replay_15.json,stand
replay_15.json,stand
replay_15.json,stand
replay_15.json,stand
replay_15.json,stand
replay_15.json,stand
replay_15.json,stand
replay_15.json,stand
replay_15.json,stand
replay_15.json,stand
replay_15.json,stand
replay_16.json,stand
replay_16.json,stand
replay_16.json,stand
replay_16.json,stand
replay_16.json,stand
replay_16.json,stand
replay_16.json,stand
replay_16.json,stand
replay_16.json,stand
replay_16.json,stand
replay_16.json,stand
replay_16.json,stand
replay_16.json,stand
replay_16.json,stand
replay_16.json,stand
replay_16.json,stand
replay_16.json,stand
replay_16.json,stand
replay_17.json,stand
replay_17.json,stand
replay_17.json,stand
replay_17.json,stand
replay_17.json,stand
replay_17.json,stand
replay_17.json,stand
replay_17.json,stand
replay_17.json,stand
replay_17.json,stand
replay_17.json,stand
replay_17.json,stand
replay_17.json,stand
replay_17.json,stand
replay_17.json,stand
replay_17.json,stand
replay_17.json,stand
replay_18.json,stand
replay_18.json,stand
replay_18.json,stand
replay_18.json,stand
replay_18.json,stand
replay_18.json,stand
replay_18.json,stand
replay_18.json,stand
replay_18.json,stand
replay_18.json,stand
replay_18.json,stand
replay_18.json,stand
replay_18.json,stand
replay_18.json,stand
replay_18.json,stand
replay_18.json,stand
replay_18.json,stand
replay_19.json,stand
replay_19.json,stand
replay_19.json,stand
replay_19.json,stand
replay_19.json,stand
replay_19.json,stand
replay_19.json,stand
replay_19.json,stand
replay_19.json,stand
replay_19.json,stand
replay_19.json,stand
replay_19.json,stand
replay_19.json,stand
replay_19.json,stand
replay_19.json,stand
replay_19.json,stand
replay_19.json,stand
replay_20.json,stand
replay_20.json,stand
replay_20.json,stand
replay_20.json,stand
replay_20.json,stand
replay_20.json,stand
replay_20.json,stand
replay_20.json,stand
replay_20.json,stand
replay_20.json,stand
replay_20.json,stand
replay_20.json,stand
replay_20.json,stand
replay_20.json,stand
replay_20.json,stand
replay_20.json,stand
replay_20.json,stand
replay_20.json,stand
replay_21.json,stand
replay_21.json,stand
replay_21.json,stand
replay_21.json,stand
replay_21.json,stand
replay_21.json,stand
replay_21.json,stand
replay_21.json,stand
replay_21.json,stand
replay_21.json,stand
replay_21.json,stand
replay_21.json,stand
replay_21.json,stand
replay_21.json,stand
replay_21.json,stand
replay_21.json,stand
replay_21.json,stand
replay_21.json,stand
replay_22.json,stand
replay_22.json,stand
replay_22.json,stand
replay_22.json,stand
replay_22.json,stand
replay_22.json,stand
replay_22.json,stand
replay_22.json,stand
replay_22.json,stand
replay_22.json,stand
replay_22.json,stand
replay_22.json,stand
replay_22.json,stand
replay_22.json,stand
replay_22.json,stand
replay_22.json,stand
replay_22.json,stand
replay_22.json,stand
replay_23.json,stand
replay_23.json,stand
replay_23.json,stand
replay_23.json,stand
replay_23.json,stand
replay_23.json,stand
replay_23.json,stand
replay_23.json,stand
replay_23.json,stand
replay_23.json,stand
replay_23.json,stand
replay_23.json,stand
replay_23.json,stand
replay_23.json,stand
replay_23.json,stand
replay_23.json,stand
replay_23.json,stand
replay_23.json,stand
replay_24.json,stand
replay_24.json,stand
replay_24.json,stand
replay_24.json,stand
replay_24.json,stand
replay_24.json,stand
replay_24.json,stand
replay_24.json,stand
replay_24.json,stand
replay_24.json,stand
replay_24.json,stand
replay_24.json,stand
replay_24.json,stand
replay_24.json,stand
replay_24.json,stand
replay_24.json,stand
replay_24.json,stand
replay_24.json,stand
replay_25.json,stand
replay_25.json,stand
replay_25.json,stand
replay_25.json,stand
replay_25.json,stand
replay_25.json,stand
replay_25.json,stand
replay_25.json,stand
replay_25.json,stand
replay_25.json,stand
replay_25.json,stand
replay_25.json,stand
replay_25.json,stand
replay_25.json,stand
replay_25.json,stand
replay_25.json,stand
replay_25.json,stand
replay_25.json,stand
replay_25.json,stand
replay_26.json,stand
replay_26.json,stand
replay_26.json,stand
replay_26.json,stand
replay_26.json,stand
replay_26.json,stand
replay_26.json,stand
replay_26.json,stand
replay_26.json,stand
replay_26.json,stand
replay_26.json,stand
replay_26.json,stand
replay_26.json,stand
replay_26.json,stand
replay_26.json,stand
replay_26.json,stand
replay_26.json,stand
replay_27.json,stand
replay_27.json,stand
replay_27.json,stand
replay_27.json,stand
replay_27.json,stand
replay_27.json,stand
replay_27.json,stand
replay_27.json,stand
replay_27.json,stand
replay_27.json,stand
replay_27.json,stand
replay_27.json,stand
replay_27.json,stand
replay_27.json,stand
replay_27.json,stand
replay_27.json,stand
replay_27.json,stand
replay_27.json,stand
replay_28.json,stand
replay_28.json,stand
replay_28.json,stand
replay_28.json,stand
replay_28.json,stand
replay_28.json,stand
replay_28.json,stand
replay_28.json,stand
replay_28.json,stand
replay_28.json,stand
replay_28.json,stand
replay_28.json,stand
replay_28.json,stand
replay_28.json,stand
replay_28.json,stand
replay_28.json,stand
replay_28.json,stand
replay_28.json,stand
replay_28.json,stand
replay_29.json,stand
replay_29.json,stand
replay_29.json,stand
replay_29.json,stand
replay_29.json,stand
replay_29.json,stand
replay_29.json,stand
replay_29.json,stand
replay_29.json,stand
replay_29.json,stand
replay_29.json,stand
replay_29.json,stand
replay_29.json,stand
replay_29.json,stand
replay_29.json,stand
replay_29.json,stand
replay_29.json,stand
replay_29.json,stand
replay_29.json,stand
replay_30.json,stand
replay_30.json,stand
replay_30.json,stand
replay_30.json,stand
replay_30.json,stand
replay_30.json,stand
replay_30.json,stand
replay_30.json,stand
replay_30.json,stand
replay_30.json,stand
replay_30.json,stand
replay_30.json,stand
replay_30.json,stand
replay_30.json,stand
replay_30.json,stand
replay_30.json,stand
replay_30.json,stand
replay_30.json,stand
replay_30.json,stand
replay_31.json,stand
replay_31.json,stand
replay_31.json,stand
replay_31.json,stand
replay_31.json,stand
replay_31.json,stand
replay_31.json,stand
replay_31.json,stand
replay_31.json,stand
replay_31.json,stand
replay_31.json,stand
replay_31.json,stand
replay_31.json,stand
replay_31.json,stand
replay_31.json,stand
replay_31.json,stand
replay_31.json,stand
replay_31.json,stand
replay_32.json,stand
replay_32.json,stand
replay_32.json,stand
replay_32.json,stand
replay_32.json,stand
replay_32.json,stand
replay_32.json,stand
replay_32.json,stand
replay_32.json,stand
replay_32.json,stand
replay_32.json,stand
replay_32.json,stand
replay_32.json,stand
replay_32.json,stand
replay_32.json,stand
replay_32.json,stand
replay_32.json,stand
replay_32.json,stand
replay_33.json,stand
replay_33.json,stand
replay_33.json,stand
replay_33.json,stand
replay_33.json,stand
replay_33.json,stand
replay_33.json,stand
replay_33.json,stand
replay_33.json,stand
replay_33.json,stand
replay_33.json,stand
replay_33.json,stand
replay_33.json,stand
replay_33.json,stand
replay_33.json,stand
replay_33.json,stand
replay_33.json,stand
replay_33.json,stand
replay_34.json,stand
replay_34.json,stand
replay_34.json,stand
replay_34.json,stand
replay_34.json,stand
replay_34.json,stand
replay_34.json,stand
replay_34.json,stand
replay_34.json,stand
replay_34.json,stand
replay_34.json,stand
replay_34.json,stand
replay_34.json,stand
replay_34.json,stand
replay_34.json,stand
replay_34.json,stand
replay_34.json,stand
replay_35.json,stand
replay_35.json,stand
replay_35.json,stand
replay_35.json,stand
replay_35.json,stand
replay_35.json,stand
replay_35.json,stand
replay_35.json,stand
replay_35.json,stand
replay_35.json,stand
replay_35.json,stand
replay_35.json,stand
replay_35.json,stand
replay_35.json,stand
replay_35.json,stand
replay_35.json,stand
replay_35.json,stand
replay_35.json,stand
replay_35.json,stand
replay_36.json,stand
replay_36.json,stand
replay_36.json,stand
replay_36.json,stand
replay_36.json,stand
replay_36.json,stand
replay_36.json,stand
replay_36.json,stand
replay_36.json,stand
replay_36.json,stand
replay_36.json,stand
replay_36.json,stand
replay_36.json,stand
replay_36.json,stand
replay_36.json,stand
replay_36.json,stand
replay_36.json,stand
replay_36.json,stand
replay_37.json,stand
replay_37.json,stand
replay_37.json,stand
replay_37.json,stand
replay_37.json,stand
replay_37.json,stand
replay_37.json,stand
replay_37.json,stand
replay_37.json,stand
replay_37.json,stand
replay_37.json,stand
replay_37.json,stand
replay_37.json,stand
replay_37.json,stand
replay_37.json,stand
replay_37.json,stand
replay_37.json,stand
replay_37.json,stand
replay_38.json,stand
replay_38.json,stand
replay_38.json,stand
replay_38.json,stand
replay_38.json,stand
replay_38.json,stand
replay_38.json,stand
replay_38.json,stand
replay_38.json,stand
replay_38.json,stand
replay_38.json,stand
replay_38.json,stand
replay_38.json,stand
replay_38.json,stand
replay_38.json,stand
replay_38.json,stand
replay_39.json,stand
replay_39.json,stand
replay_39.json,stand
replay_39.json,stand
replay_39.json,stand
replay_39.json,stand
replay_39.json,stand
replay_39.json,stand
replay_39.json,stand
replay_39.json,stand
replay_39.json,stand
replay_39.json,stand
replay_39.json,stand
replay_39.json,stand
replay_39.json,stand
replay_39.json,stand
replay_39.json,stand
replay_39.json,stand
replay_40.json,stand
replay_40.json,stand
replay_40.json,stand
replay_40.json,stand
replay_40.json,stand
replay_40.json,stand
replay_40.json,stand
replay_40.json,stand
replay_40.json,stand
replay_40.json,stand
replay_40.json,stand
replay_40.json,stand
replay_40.json,stand
replay_40.json,stand
replay_40.json,stand
replay_40.json,stand
replay_40.json,stand
replay_41.json,stand
replay_41.json,stand
replay_41.json,stand
replay_41.json,stand
replay_41.json,stand
replay_41.json,stand
replay_41.json,stand
replay_41.json,stand
replay_41.json,stand
replay_41.json,stand
replay_41.json,stand
replay_41.json,stand
replay_41.json,stand
replay_41.json,stand
replay_41.json,stand
replay_41.json,stand
replay_41.json,stand
replay_41.json,stand
replay_42.json,stand
replay_42.json,stand
replay_42.json,stand
replay_42.json,stand
replay_42.json,stand
replay_42.json,stand
replay_42.json,stand
replay_42.json,stand
replay_42.json,stand
replay_42.json,stand
replay_42.json,stand
replay_42.json,stand
replay_42.json,stand
replay_42.json,stand
replay_42.json,stand
replay_42.json,stand
replay_42.json,stand
replay_42.json,stand
replay_43.json,stand
replay_43.json,stand
replay_43.json,stand
replay_43.json,stand
replay_43.json,stand
replay_43.json,stand
replay_43.json,stand
replay_43.json,stand
replay_43.json,stand
replay_43.json,stand
replay_43.json,stand
replay_43.json,stand
replay_43.json,stand
replay_43.json,stand
replay_43.json,stand
replay_43.json,stand
replay_43.json,stand
replay_43.json,stand
replay_44.json,stand
replay_44.json,stand
replay_44.json,stand
replay_44.json,stand
replay_44.json,stand
replay_44.json,stand
replay_44.json,stand
replay_44.json,stand
replay_44.json,stand
replay_44.json,stand
replay_44.json,stand
replay_44.json,stand
replay_44.json,stand
replay_44.json,stand
replay_44.json,stand
replay_44.json,stand
replay_44.json,stand
replay_45.json,stand
replay_45.json,stand
replay_45.json,stand
replay_45.json,stand
replay_45.json,stand
replay_45.json,stand
replay_45.json,stand
replay_45.json,stand
replay_45.json,stand
replay_45.json,stand
replay_45.json,stand
replay_45.json,stand
replay_45.json,stand
replay_45.json,stand
replay_45.json,stand
replay_45.json,stand
replay_45.json,stand
replay_45.json,stand
replay_46.json,stand
replay_46.json,stand
replay_46.json,stand
replay_46.json,stand
replay_46.json,stand
replay_46.json,stand
replay_46.json,stand
replay_46.json,stand
replay_46.json,stand
replay_46.json,stand
replay_46.json,stand
replay_46.json,stand
replay_46.json,stand
replay_46.json,stand
replay_46.json,stand
replay_46.json,stand
replay_46.json,stand
replay_46.json,stand
replay_47.json,stand
replay_47.json,stand
replay_47.json,stand
replay_47.json,stand
replay_47.json,stand
replay_47.json,stand
replay_47.json,stand
replay_47.json,stand
replay_47.json,stand
replay_47.json,stand
replay_47.json,stand
replay_47.json,stand
replay_47.json,stand
replay_47.json,stand
replay_47.json,stand
replay_47.json,stand
replay_47.json,stand
replay_48.json,stand
replay_48.json,stand
replay_48.json,stand
replay_48.json,stand
replay_48.json,stand
replay_48.json,stand
replay_48.json,stand
replay_48.json,stand
replay_48.json,stand
replay_48.json,stand
replay_48.json,stand
replay_48.json,stand
replay_48.json,stand
replay_48.json,stand
replay_48.json,stand
replay_48.json,stand
replay_48.json,stand
replay_48.json,stand
replay_49.json,stand
replay_49.json,stand
replay_49.json,stand
replay_49.json,stand
replay_49.json,stand
replay_49.json,stand
replay_49.json,stand
replay_49.json,stand
replay_49.json,stand
replay_49.json,stand
replay_49.json,stand
replay_49.json,stand
replay_49.json,stand
replay_49.json,stand
replay_49.json,stand
replay_49.json,stand
replay_49.json,stand
replay_5.json,stand
replay_5.json,stand
replay_50.json,stand
replay_50.json,stand
replay_50.json,stand
replay_50.json,stand
replay_50.json,stand
replay_50.json,stand
replay_50.json,stand
replay_50.json,stand
replay_50.json,stand
replay_50.json,stand
replay_50.json,stand
replay_50.json,stand
replay_50.json,stand
replay_50.json,stand
replay_50.json,stand
replay_50.json,stand
replay_50.json,stand
replay_51.json,stand
replay_51.json,stand
replay_51.json,stand
replay_51.json,stand
replay_51.json,stand
replay_51.json,stand
replay_51.json,stand
replay_51.json,stand
replay_51.json,stand
replay_51.json,stand
replay_51.json,stand
replay_51.json,stand
replay_51.json,stand
replay_51.json,stand
replay_51.json,stand
replay_51.json,stand
replay_51.json,stand
replay_51.json,stand
replay_52.json,stand
replay_52.json,stand
replay_52.json,stand
replay_52.json,stand
replay_52.json,stand
replay_52.json,stand
replay_52.json,stand
replay_52.json,stand
replay_52.json,stand
replay_52.json,stand
replay_52.json,stand
replay_52.json,stand
replay_52.json,stand
replay_52.json,stand
replay_52.json,stand
replay_52.json,stand
replay_52.json,stand
replay_52.json,stand
replay_53.json,stand
replay_53.json,stand
replay_53.json,stand
replay_53.json,stand
replay_53.json,stand
replay_53.json,stand
replay_53.json,stand
replay_53.json,stand
replay_53.json,stand
replay_53.json,stand
replay_53.json,stand
replay_53.json,stand
replay_53.json,stand
replay_53.json,stand
replay_53.json,stand
replay_53.json,stand
replay_53.json,stand
replay_53.json,stand
replay_54.json,stand
replay_54.json,stand
replay_54.json,stand
replay_54.json,stand
replay_54.json,stand
replay_54.json,stand
replay_54.json,stand
replay_54.json,stand
replay_54.json,stand
replay_54.json,stand
replay_54.json,stand
replay_54.json,stand
replay_54.json,stand
replay_54.json,stand
replay_54.json,stand
replay_54.json,stand
replay_54.json,stand
replay_54.json,stand
replay_55.json,stand
replay_55.json,stand
replay_55.json,stand
replay_55.json,stand
replay_55.json,stand
replay_55.json,stand
replay_55.json,stand
replay_55.json,stand
replay_55.json,stand
replay_55.json,stand
replay_55.json,stand
replay_55.json,stand
replay_55.json,stand
replay_55.json,stand
replay_55.json,stand
replay_55.json,stand
replay_55.json,stand
replay_55.json,stand
replay_56.json,stand
replay_56.json,stand
replay_56.json,stand
replay_56.json,stand
replay_56.json,stand
replay_56.json,stand
replay_56.json,stand
replay_56.json,stand
replay_56.json,stand
replay_56.json,stand
replay_56.json,stand
replay_56.json,stand
replay_56.json,stand
replay_56.json,stand
replay_56.json,stand
replay_56.json,stand
replay_56.json,stand
replay_57.json,stand
replay_57.json,stand
replay_57.json,stand
replay_57.json,stand
replay_57.json,stand
replay_57.json,stand
replay_57.json,stand
replay_57.json,stand
replay_57.json,stand
replay_57.json,stand
replay_57.json,stand
replay_57.json,stand
replay_57.json,stand
replay_57.json,stand
replay_57.json,stand
replay_57.json,stand
replay_57.json,stand
replay_57.json,stand
replay_58.json,stand
replay_58.json,stand
replay_58.json,stand
replay_58.json,stand
replay_58.json,stand
replay_58.json,stand
replay_58.json,stand
replay_58.json,stand
replay_58.json,stand
replay_58.json,stand
replay_58.json,stand
replay_58.json,stand
replay_58.json,stand
replay_58.json,stand
replay_58.json,stand
replay_58.json,stand
replay_58.json,stand
replay_58.json,stand
replay_59.json,stand
replay_59.json,stand
replay_59.json,stand
replay_59.json,stand
replay_59.json,stand
replay_59.json,stand
replay_59.json,stand
replay_59.json,stand
replay_59.json,stand
replay_59.json,stand
replay_59.json,stand
replay_59.json,stand
replay_59.json,stand
replay_59.json,stand
replay_59.json,stand
replay_59.json,stand
replay_59.json,stand
replay_6.json,stand
replay_6.json,stand
replay_6.json,stand
replay_6.json,stand
replay_6.json,stand
replay_6.json,stand
replay_6.json,stand
replay_6.json,stand
replay_6.json,stand
replay_6.json,stand
replay_6.json,stand
replay_6.json,stand
replay_6.json,stand
replay_6.json,stand
replay_6.json,stand
replay_6.json,stand
replay_6.json,stand
replay_6.json,stand
replay_60.json,stand
replay_60.json,stand
replay_60.json,stand
replay_60.json,stand
replay_60.json,stand
replay_60.json,stand
replay_60.json,stand
replay_60.json,stand
replay_60.json,stand
replay_60.json,stand
replay_60.json,stand
replay_60.json,stand
replay_60.json,stand
replay_60.json,stand
replay_60.json,stand
replay_60.json,stand
replay_60.json,stand
replay_60.json,stand
replay_61.json,stand
replay_61.json,stand
replay_61.json,stand
replay_61.json,stand
replay_61.json,stand
replay_61.json,stand
replay_61.json,stand
replay_61.json,stand
replay_61.json,stand
replay_61.json,stand
replay_61.json,stand
replay_61.json,stand
replay_61.json,stand
replay_61.json,stand
replay_61.json,stand
replay_61.json,stand
replay_61.json,stand
replay_61.json,stand
replay_61.json,stand
replay_62.json,stand
replay_62.json,stand
replay_62.json,stand
replay_62.json,stand
replay_62.json,stand
replay_62.json,stand
replay_62.json,stand
replay_62.json,stand
replay_62.json,stand
replay_62.json,stand
replay_62.json,stand
replay_62.json,stand
replay_62.json,stand
replay_62.json,stand
replay_62.json,stand
replay_62.json,stand
replay_62.json,stand
replay_62.json,stand
replay_63.json,stand
replay_63.json,stand
replay_63.json,stand
replay_63.json,stand
replay_63.json,stand
replay_63.json,stand
replay_63.json,stand
replay_63.json,stand
replay_63.json,stand
replay_63.json,stand
replay_63.json,stand
replay_63.json,stand
replay_63.json,stand
replay_63.json,stand
replay_63.json,stand
replay_63.json,stand
replay_63.json,stand
replay_63.json,stand
replay_63.json,stand
replay_64.json,stand
replay_64.json,stand
replay_64.json,stand
replay_64.json,stand
replay_64.json,stand
replay_64.json,stand
replay_64.json,stand
replay_64.json,stand
replay_64.json,stand
replay_64.json,stand
replay_64.json,stand
replay_64.json,stand
replay_64.json,stand
replay_64.json,stand
replay_64.json,stand
replay_64.json,stand
replay_64.json,stand
replay_64.json,stand
replay_64.json,stand
replay_65.json,stand
replay_65.json,stand
replay_65.json,stand
replay_65.json,stand
replay_65.json,stand
replay_65.json,stand
replay_65.json,stand
replay_65.json,stand
replay_65.json,stand
replay_65.json,stand
replay_65.json,stand
replay_65.json,stand
replay_65.json,stand
replay_65.json,stand
replay_65.json,stand
replay_65.json,stand
replay_65.json,stand
replay_65.json,stand
replay_66.json,stand
replay_66.json,stand
replay_66.json,stand
replay_66.json,stand
replay_66.json,stand
replay_66.json,stand
replay_66.json,stand
replay_66.json,stand
replay_66.json,stand
replay_66.json,stand
replay_66.json,stand
replay_66.json,stand
replay_66.json,stand
replay_66.json,stand
replay_66.json,stand
replay_66.json,stand
replay_66.json,stand
replay_67.json,stand
replay_67.json,stand
replay_67.json,stand
replay_67.json,stand
replay_67.json,stand
replay_67.json,stand
replay_67.json,stand
replay_67.json,stand
replay_67.json,stand
replay_67.json,stand
replay_67.json,stand
replay_67.json,stand
replay_67.json,stand
replay_67.json,stand
replay_67.json,stand
replay_67.json,stand
replay_67.json,stand
replay_67.json,stand
replay_68.json,stand
replay_68.json,stand
replay_68.json,stand
replay_68.json,stand
replay_68.json,stand
replay_68.json,stand
replay_68.json,stand
replay_68.json,stand
replay_68.json,stand
replay_68.json,stand
replay_68.json,stand
replay_68.json,stand
replay_68.json,stand
replay_68.json,stand
replay_68.json,stand
replay_68.json,stand
replay_68.json,stand
replay_68.json,stand
replay_69.json,stand
replay_69.json,stand
replay_69.json,stand
replay_69.json,stand
replay_69.json,stand
replay_69.json,stand
replay_69.json,stand
replay_69.json,stand
replay_69.json,stand
replay_69.json,stand
replay_69.json,stand
replay_69.json,stand
replay_69.json,stand
replay_69.json,stand
replay_69.json,stand
replay_69.json,stand
replay_69.json,stand
replay_69.json,stand
replay_7.json,stand
replay_7.json,stand
replay_70.json,stand
replay_70.json,stand
replay_71.json,stand
replay_71.json,stand
replay_72.json,stand
replay_72.json,stand
replay_73.json,stand
replay_73.json,stand
replay_8.json,stand
replay_8.json,stand
replay_8.json,stand
replay_8.json,stand
replay_9.json,stand
replay_9.json,stand
replay_9.json,stand
replay_9.json,stand
replay_9.json,stand
replay_9.json,stand
replay_9.json,stand
replay_9.json,stand
replay_9.json,stand
replay_9.json,stand
replay_9.json,stand
replay_9.json,stand
replay_9.json,stand
replay_9.json,stand
replay_9.json,stand
replay_9.json,stand
